Spiel_ID;Spieltag;Datum;Uhrzeit;Heim;Gast;Tore_Heim;Tore_Gast;
13322;1;2015-08-14;20:30:00;1;16;5;0;
13323;1;2015-09-09;15:30:00;4;8;2;1;
13324;1;2015-09-09;15:30:00;5;15;0;1;
13325;1;2015-09-09;15:30:00;10;6;0;3;
13326;1;2015-09-09;15:30:00;11;17;0;1;
13327;1;2015-09-09;15:30:00;18;13;2;2;
13328;1;2015-09-09;18:30:00;7;3;4;0;
13329;1;2015-09-10;15:30:00;2;9;2;1;
13330;1;2015-09-10;17:30:00;14;12;1;3;
13331;2;2015-08-21;20:30:00;15;10;1;1;
13332;2;2015-09-09;15:30:00;6;18;1;1;
13333;2;2015-09-09;15:30:00;9;5;1;1;
13334;2;2015-09-09;15:30:00;12;2;1;1;
13335;2;2015-09-09;15:30:00;13;4;0;1;
13336;2;2015-09-09;15:30:00;8;1;1;2;
13337;2;2015-09-09;18:30:00;16;14;3;2;
13338;2;2015-09-10;15:30:00;17;7;0;4;
13339;2;2015-09-10;17:30:00;3;11;1;2;
13340;3;2015-08-28;20:30:00;2;6;3;0;
13341;3;2015-09-09;15:30:00;14;9;1;4;
13342;3;2015-09-09;15:30:00;5;17;0;1;
13343;3;2015-09-09;15:30:00;12;16;2;1;
13344;3;2015-09-09;15:30:00;11;13;3;0;
13345;3;2015-09-09;15:30:00;18;8;0;0;
13346;3;2015-09-09;18:30:00;1;4;3;0;
13347;3;2015-09-10;15:30:00;7;15;3;1;
13348;3;2015-09-10;17:30:00;10;3;2;1;
13352;1;2016-07-24;20:30:00;36;21;1;3;
13354;1;2016-07-25;13:00:00;22;34;1;0;
13356;1;2016-07-25;15:30:00;24;29;0;0;
13358;1;2016-07-25;15:30:00;32;23;0;1;
13360;1;2016-07-26;13:30:00;27;20;0;1;
13362;1;2016-07-26;15:30:00;33;25;1;3;
13364;1;2016-07-26;15:30:00;30;31;1;1;
13365;1;2016-07-26;15:30:00;26;35;1;0;
13366;1;2016-07-27;20:15:00;19;28;6;3;
13371;2;2016-07-31;18:30:00;28;26;3;2;
13373;2;2016-07-31;18:30:00;29;32;0;0;
13375;2;2016-07-31;20:30:00;21;33;0;0;
13377;2;2015-08-01;13:00:00;20;36;3;0;
13379;2;2015-08-01;15:30:00;35;19;0;1;
13381;2;2015-08-02;13:30:00;31;27;1;2;
13382;2;2015-08-02;15:30:00;34;24;1;2;
13383;2;2015-08-02;15:30:00;25;30;4;3;
13384;2;2015-08-03;20:15:00;23;22;2;2;
13394;3;2015-08-14;18:30:00;27;25;0;6;
13395;3;2015-08-14;18:30:00;26;31;1;0;
13396;3;2015-08-14;18:30:00;32;34;1;2;
13397;3;2015-08-15;13:00:00;19;20;1;3;
13398;3;2015-08-15;13:00:00;33;23;0;2;
13399;3;2015-08-16;13:30:00;30;21;2;2;
13400;3;2015-08-16;13:30:00;24;22;3;2;
13401;3;2015-08-16;13:30:00;36;29;2;2;
13402;3;2015-08-17;20:15:00;28;35;2;2;
13403;1;2016-07-24;20:30:00;42;53;2;1;
13404;1;2016-07-25;14:00:00;54;48;0;0;
13405;1;2016-07-25;14:00:00;40;41;1;1;
13406;1;2016-07-25;14:00:00;39;56;4;1;
13407;1;2016-07-25;14:00:00;50;49;0;0;
13408;1;2016-07-25;14:00:00;45;38;0;4;
13409;1;2016-07-25;14:00:00;52;44;1;2;
13410;1;2016-07-25;14:00:00;46;47;0;0;
13411;1;2016-07-25;14:00:00;43;51;2;1;
13412;1;2016-07-26;14:00:00;37;55;2;0;
13418;4;2015-08-21;18:30:00;29;33;0;2;
13420;4;2015-08-21;18:30:00;25;26;0;0;
13422;4;2015-08-21;18:30:00;22;32;0;2;
13424;4;2015-08-22;13:00:00;34;36;2;0;
13426;4;2015-08-22;13:00:00;31;19;1;2;
13427;4;2015-08-23;13:30:00;35;30;0;0;
13428;4;2015-08-23;13:30:00;20;28;2;1;
13429;4;2015-08-23;13:30:00;23;24;0;1;
13430;4;2015-08-24;20:15:00;21;27;1;0;
13431;2;2016-07-31;19:00:00;38;42;2;2;
13432;2;2016-07-31;19:00:00;56;40;1;3;
13433;2;2015-09-09;14:00:00;51;46;1;1;
13434;2;2015-09-09;14:00:00;47;52;1;1;
13435;2;2015-09-09;14:00:00;44;37;0;2;
13436;2;2015-09-09;14:00:00;53;50;0;0;
13437;2;2015-09-09;14:00:00;49;39;1;1;
13438;2;2015-09-09;14:00:00;48;43;1;1;
13439;2;2015-09-10;14:00:00;55;45;0;2;
13440;2;2015-09-10;14:00:00;41;54;2;0;
13450;5;2015-08-28;18:30:00;19;25;4;1;
13451;5;2015-08-28;18:30:00;30;23;1;1;
13452;5;2015-08-28;18:30:00;26;21;3;1;
13453;5;2015-08-29;13:00:00;27;29;1;2;
13454;5;2015-08-29;13:00:00;36;22;2;2;
13455;5;2015-08-30;13:30:00;33;34;6;0;
13456;5;2015-08-30;13:30:00;28;31;1;0;
13457;5;2015-08-30;13:30:00;32;24;1;0;
13458;5;2015-09-09;20:15:00;20;35;1;0;
13459;3;2015-08-13;20:30:00;39;53;3;1;
13460;3;2015-08-14;19:00:00;46;48;1;0;
13461;3;2015-09-09;14:00:00;54;43;2;0;
13462;3;2015-09-09;14:00:00;50;38;1;1;
13463;3;2015-09-09;14:00:00;45;44;3;0;
13464;3;2015-09-09;14:00:00;37;47;0;1;
13465;3;2015-09-09;14:00:00;52;51;4;2;
13466;3;2015-09-09;14:00:00;41;56;1;3;
13467;3;2015-09-09;14:00:00;40;49;0;0;
13468;3;2015-09-10;14:00:00;42;55;2;1;
13487;4;2015-08-21;19:00:00;51;37;3;0;
13488;4;2015-08-21;19:00:00;44;42;1;1;
13489;4;2015-09-09;13:30:00;48;52;0;1;
13490;4;2015-09-09;14:00:00;47;45;4;2;
13491;4;2015-09-09;14:00:00;55;50;3;0;
13492;4;2015-09-09;14:00:00;53;40;1;1;
13493;4;2015-09-09;14:00:00;49;41;0;1;
13494;4;2015-09-09;14:00:00;56;54;1;2;
13496;4;2015-09-10;14:00:00;38;39;1;1;
13498;4;2015-09-10;14:00:00;43;46;0;0;
13516;5;2015-09-09;19:00:00;50;44;3;1;
13518;5;2015-09-09;19:00:00;45;51;2;2;
13521;5;2015-09-09;19:00:00;37;48;1;2;
13523;5;2015-09-09;19:00:00;56;49;0;2;
13525;5;2015-09-09;20:30:00;42;47;2;0;
13527;5;2015-09-10;18:30:00;41;53;2;2;
13529;5;2015-09-10;19:00:00;54;46;1;0;
13531;5;2015-09-10;19:00:00;52;43;0;1;
13532;5;2015-09-10;19:00:00;40;38;0;1;
13533;5;2015-09-10;20:30:00;39;55;3;2;
13545;6;2015-08-28;19:00:00;51;42;2;1;
13547;6;2015-09-09;14:00:00;47;50;1;0;
13549;6;2015-09-09;14:00:00;44;39;1;2;
13551;6;2015-09-09;14:00:00;55;40;1;3;
13553;6;2015-09-09;14:00:00;53;56;3;0;
13555;6;2015-09-09;14:00:00;49;54;1;0;
13557;6;2015-09-09;14:00:00;43;37;0;0;
13559;6;2015-09-09;14:00:00;48;45;3;2;
13560;6;2015-09-10;14:00:00;38;41;2;1;
13561;6;2015-09-10;14:00:00;46;52;1;1;
13572;7;2015-09-09;14:00:00;54;52;0;0;
13574;7;2015-09-09;14:00:00;50;51;3;0;
13576;7;2015-09-09;14:00:00;45;43;1;2;
13578;7;2015-09-09;14:00:00;37;46;0;4;
13580;7;2015-09-09;14:00:00;49;53;0;0;
13582;7;2015-09-09;14:00:00;40;44;3;1;
13584;7;2015-09-10;14:00:00;39;47;1;0;
13586;7;2015-09-15;18:30:00;42;48;0;0;
13588;7;2015-09-15;18:30:00;41;55;0;0;
13589;7;2015-09-15;19:00:00;56;38;0;0;
13711;18;2016-01-23;00:00:00;6;10;0;0;
13712;18;2016-01-23;00:00:00;3;7;0;0;
13713;18;2016-01-23;00:00:00;16;1;0;0;
13714;18;2016-01-23;00:00:00;9;2;0;0;
13715;18;2016-01-23;00:00:00;12;14;0;0;
13716;18;2016-01-23;00:00:00;13;18;0;0;
13718;18;2016-01-23;00:00:00;15;5;0;0;
13719;18;2016-01-23;00:00:00;8;4;0;0;
13721;18;2016-01-23;00:00:00;17;11;0;0;
13741;19;2016-01-30;00:00:00;1;8;0;0;
13743;19;2016-01-30;00:00:00;7;17;0;0;
13745;19;2016-01-30;00:00:00;4;13;0;0;
13747;19;2016-01-30;00:00:00;2;12;0;0;
13749;19;2016-01-30;00:00:00;14;16;0;0;
13751;19;2016-01-30;00:00:00;5;9;0;0;
13753;19;2016-01-30;00:00:00;10;15;0;0;
13755;19;2016-01-30;00:00:00;11;3;0;0;
13757;19;2016-01-30;00:00:00;18;6;0;0;
13769;20;2016-02-06;00:00:00;6;2;0;0;
13771;20;2016-02-06;00:00:00;4;1;0;0;
13775;20;2016-02-06;00:00:00;3;10;0;0;
13777;20;2016-02-06;00:00:00;16;12;0;0;
13781;20;2016-02-06;00:00:00;9;14;0;0;
13783;20;2016-02-06;00:00:00;13;11;0;0;
13786;20;2016-02-06;00:00:00;15;7;0;0;
13789;20;2016-02-06;00:00:00;8;18;0;0;
13792;20;2016-02-06;00:00:00;17;5;0;0;
13798;21;2016-02-13;00:00:00;7;13;0;0;
13800;21;2016-02-13;00:00:00;2;17;0;0;
13802;21;2016-02-13;00:00:00;16;3;0;0;
13805;21;2016-02-13;00:00:00;14;15;0;0;
13808;21;2016-02-13;00:00:00;5;1;0;0;
13810;21;2016-02-13;00:00:00;10;8;0;0;
13813;21;2016-02-13;00:00:00;12;9;0;0;
13816;21;2016-02-13;00:00:00;11;6;0;0;
13819;21;2016-02-13;00:00:00;18;4;0;0;
13830;22;2016-02-20;00:00:00;1;18;0;0;
13832;22;2016-02-20;00:00:00;6;14;0;0;
13834;22;2016-02-20;00:00:00;4;7;0;0;
13836;22;2016-02-20;00:00:00;3;12;0;0;
13837;22;2016-02-20;00:00:00;9;16;0;0;
13839;22;2016-02-20;00:00:00;13;5;0;0;
13841;22;2016-02-20;00:00:00;15;2;0;0;
13843;22;2016-02-20;00:00:00;8;11;0;0;
13845;22;2016-02-20;00:00:00;17;10;0;0;
13855;23;2016-02-27;00:00:00;7;8;0;0;
13857;23;2016-02-27;00:00:00;2;1;0;0;
13859;23;2016-02-27;00:00:00;16;17;0;0;
13861;23;2016-02-27;00:00:00;14;13;0;0;
13863;23;2016-02-27;00:00:00;5;3;0;0;
13865;23;2016-02-27;00:00:00;10;18;0;0;
13867;23;2016-02-27;00:00:00;9;6;0;0;
13868;20;2016-02-07;00:00:00;34;32;0;0;
13869;23;2016-02-27;00:00:00;12;15;0;0;
13870;20;2016-02-07;00:00:00;21;30;0;0;
13871;23;2016-02-27;00:00:00;11;4;0;0;
13872;20;2016-02-07;00:00:00;23;33;0;0;
13873;20;2016-02-07;00:00:00;31;26;0;0;
13874;20;2016-02-07;00:00:00;20;19;0;0;
13875;20;2016-02-07;00:00:00;22;24;0;0;
13876;20;2016-02-07;00:00:00;35;28;0;0;
13877;20;2016-02-07;00:00:00;25;27;0;0;
13878;20;2016-02-07;00:00:00;29;36;0;0;
13889;24;2016-03-01;00:00:00;1;11;0;0;
13890;24;2016-03-01;00:00:00;6;16;0;0;
13891;24;2016-03-01;00:00:00;4;10;0;0;
13892;24;2016-03-01;00:00:00;3;14;0;0;
13893;24;2016-03-01;00:00:00;13;2;0;0;
13894;24;2016-03-01;00:00:00;15;9;0;0;
13895;24;2016-03-01;00:00:00;8;5;0;0;
13896;24;2016-03-01;00:00:00;17;12;0;0;
13897;24;2016-03-01;00:00:00;18;7;0;0;
13898;21;2016-02-14;00:00:00;19;31;0;0;
13899;21;2016-02-14;00:00:00;27;21;0;0;
13900;21;2016-02-14;00:00:00;33;29;0;0;
13901;21;2016-02-14;00:00:00;28;20;0;0;
13902;21;2016-02-14;00:00:00;30;35;0;0;
13903;21;2016-02-14;00:00:00;24;23;0;0;
13904;21;2016-02-14;00:00:00;26;25;0;0;
13905;21;2016-02-14;00:00:00;32;22;0;0;
13906;21;2016-02-14;00:00:00;36;34;0;0;
13913;25;2016-03-05;00:00:00;7;1;0;0;
13915;25;2016-03-05;00:00:00;2;3;0;0;
13917;25;2016-03-05;00:00:00;16;15;0;0;
13919;25;2016-03-05;00:00:00;14;8;0;0;
13921;25;2016-03-05;00:00:00;5;4;0;0;
13922;25;2016-03-05;00:00:00;10;13;0;0;
13923;25;2016-03-05;00:00:00;9;17;0;0;
13924;25;2016-03-05;00:00:00;12;6;0;0;
13925;25;2016-03-05;00:00:00;11;18;0;0;
13926;22;2016-02-21;00:00:00;34;33;0;0;
13927;22;2016-02-21;00:00:00;21;26;0;0;
13928;22;2016-02-21;00:00:00;23;30;0;0;
13929;22;2016-02-21;00:00:00;31;28;0;0;
13930;22;2016-02-21;00:00:00;22;36;0;0;
13931;22;2016-02-21;00:00:00;24;32;0;0;
13932;22;2016-02-21;00:00:00;35;20;0;0;
13933;22;2016-02-21;00:00:00;25;19;0;0;
13934;22;2016-02-21;00:00:00;29;27;0;0;
13935;26;2016-03-12;00:00:00;1;10;0;0;
13936;26;2016-03-12;00:00:00;7;11;0;0;
13938;26;2016-03-12;00:00:00;4;16;0;0;
13940;26;2016-03-12;00:00:00;3;9;0;0;
13942;26;2016-03-12;00:00:00;13;12;0;0;
13944;23;2016-02-28;00:00:00;19;21;0;0;
13945;26;2016-03-12;00:00:00;15;6;0;0;
13947;23;2016-02-28;00:00:00;27;23;0;0;
13948;26;2016-03-12;00:00:00;8;2;0;0;
13950;23;2016-02-28;00:00:00;33;32;0;0;
13951;26;2016-03-12;00:00:00;17;14;0;0;
13953;23;2016-02-28;00:00:00;28;22;0;0;
13955;26;2016-03-12;00:00:00;18;5;0;0;
13956;23;2016-02-28;00:00:00;30;34;0;0;
13958;23;2016-02-28;00:00:00;20;25;0;0;
13960;23;2016-02-28;00:00:00;35;31;0;0;
13961;23;2016-02-28;00:00:00;26;29;0;0;
13962;23;2016-02-28;00:00:00;36;24;0;0;
13963;27;2016-03-19;00:00:00;6;3;0;0;
13964;27;2016-03-19;00:00:00;2;18;0;0;
13965;27;2016-03-19;00:00:00;16;8;0;0;
13966;27;2016-03-19;00:00:00;14;4;0;0;
13967;27;2016-03-19;00:00:00;5;7;0;0;
13968;24;2016-03-02;00:00:00;34;27;0;0;
13969;27;2016-03-19;00:00:00;10;11;0;0;
13971;24;2016-03-02;00:00:00;21;35;0;0;
13973;27;2016-03-19;00:00:00;9;13;0;0;
13974;24;2016-03-02;00:00:00;23;26;0;0;
13976;24;2016-03-02;00:00:00;31;20;0;0;
13977;27;2016-03-19;00:00:00;12;1;0;0;
13979;24;2016-03-02;00:00:00;22;30;0;0;
13981;27;2016-03-19;00:00:00;15;17;0;0;
13982;24;2016-03-02;00:00:00;24;33;0;0;
13984;24;2016-03-02;00:00:00;25;28;0;0;
13986;24;2016-03-02;00:00:00;32;36;0;0;
13988;24;2016-03-02;00:00:00;29;19;0;0;
13991;28;2016-04-02;00:00:00;1;9;0;0;
13992;25;2016-03-06;00:00:00;19;23;0;0;
13993;28;2016-04-02;00:00:00;7;10;0;0;
13994;22;2016-01-23;00:00:00;43;54;0;0;
13995;25;2016-03-06;00:00:00;27;22;0;0;
13996;28;2016-04-02;00:00:00;4;2;0;0;
13997;22;2016-01-23;00:00:00;53;39;0;0;
13998;25;2016-03-06;00:00:00;33;36;0;0;
13999;28;2016-04-02;00:00:00;3;15;0;0;
14000;25;2016-03-06;00:00:00;28;21;0;0;
14001;22;2016-01-23;00:00:00;38;50;0;0;
14002;28;2016-04-02;00:00:00;13;16;0;0;
14003;25;2016-03-06;00:00:00;31;34;0;0;
14004;22;2016-01-23;00:00:00;55;42;0;0;
14005;28;2016-04-02;00:00:00;8;12;0;0;
14006;25;2016-03-06;00:00:00;30;32;0;0;
14007;22;2016-01-23;00:00:00;44;45;0;0;
14008;28;2016-04-02;00:00:00;11;5;0;0;
14009;25;2016-03-06;00:00:00;20;29;0;0;
14010;22;2016-01-23;00:00:00;47;37;0;0;
14011;28;2016-04-02;00:00:00;17;6;0;0;
14012;25;2016-03-06;00:00:00;35;25;0;0;
14013;22;2016-01-23;00:00:00;51;52;0;0;
14014;28;2016-04-02;00:00:00;18;14;0;0;
14015;25;2016-03-06;00:00:00;26;24;0;0;
14016;22;2016-01-23;00:00:00;48;46;0;0;
14017;22;2016-01-23;00:00:00;56;41;0;0;
14018;22;2016-01-23;00:00:00;49;40;0;0;
14019;26;2016-03-13;00:00:00;34;26;0;0;
14020;26;2016-03-13;00:00:00;21;20;0;0;
14021;29;2016-04-09;00:00:00;6;7;0;0;
14022;26;2016-03-13;00:00:00;23;35;0;0;
14023;23;2016-01-30;00:00:00;37;51;0;0;
14024;29;2016-04-09;00:00:00;2;11;0;0;
14025;26;2016-03-13;00:00:00;22;33;0;0;
14026;23;2016-01-30;00:00:00;45;47;0;0;
14027;29;2016-04-09;00:00:00;16;18;0;0;
14028;26;2016-03-13;00:00:00;24;27;0;0;
14029;23;2016-01-30;00:00:00;42;44;0;0;
14030;29;2016-04-09;00:00:00;14;1;0;0;
14031;26;2016-03-13;00:00:00;25;31;0;0;
14032;29;2016-04-09;00:00:00;10;5;0;0;
14033;23;2016-01-30;00:00:00;50;55;0;0;
14034;26;2016-03-13;00:00:00;32;19;0;0;
14035;29;2016-04-09;00:00:00;9;8;0;0;
14036;23;2016-01-30;00:00:00;39;38;0;0;
14037;26;2016-03-13;00:00:00;29;28;0;0;
14038;29;2016-04-09;00:00:00;12;4;0;0;
14039;23;2016-01-30;00:00:00;40;53;0;0;
14040;26;2016-03-13;00:00:00;36;30;0;0;
14041;29;2016-04-09;00:00:00;15;13;0;0;
14042;23;2016-01-30;00:00:00;41;49;0;0;
14043;29;2016-04-09;00:00:00;17;3;0;0;
14044;23;2016-01-30;00:00:00;54;56;0;0;
14045;23;2016-01-30;00:00:00;46;43;0;0;
14046;23;2016-01-30;00:00:00;52;48;0;0;
14047;27;2016-03-20;00:00:00;19;34;0;0;
14048;30;2016-04-16;00:00:00;1;6;0;0;
14049;27;2016-03-20;00:00:00;27;36;0;0;
14050;30;2016-04-16;00:00:00;7;16;0;0;
14051;27;2016-03-20;00:00:00;28;23;0;0;
14052;30;2016-04-16;00:00:00;4;9;0;0;
14053;27;2016-03-20;00:00:00;31;21;0;0;
14054;30;2016-04-16;00:00:00;5;14;0;0;
14055;27;2016-03-20;00:00:00;30;33;0;0;
14056;30;2016-04-16;00:00:00;10;2;0;0;
14057;27;2016-03-20;00:00:00;20;22;0;0;
14058;24;2016-02-06;00:00:00;46;54;0;0;
14059;30;2016-04-16;00:00:00;13;3;0;0;
14060;27;2016-03-20;00:00:00;35;29;0;0;
14061;30;2016-04-16;00:00:00;8;15;0;0;
14062;24;2016-02-06;00:00:00;55;39;0;0;
14063;27;2016-03-20;00:00:00;26;32;0;0;
14064;30;2016-04-16;00:00:00;11;12;0;0;
14065;24;2016-02-06;00:00:00;44;50;0;0;
14066;27;2016-03-20;00:00:00;25;24;0;0;
14067;30;2016-04-16;00:00:00;18;17;0;0;
14068;24;2016-02-06;00:00:00;47;42;0;0;
14069;24;2016-02-06;00:00:00;51;45;0;0;
14070;24;2016-02-06;00:00:00;48;37;0;0;
14071;24;2016-02-06;00:00:00;43;52;0;0;
14072;24;2016-02-06;00:00:00;49;56;0;0;
14073;24;2016-02-06;00:00:00;53;41;0;0;
14074;24;2016-02-06;00:00:00;38;40;0;0;
14075;28;2016-04-03;00:00:00;34;35;0;0;
14076;31;2016-04-23;00:00:00;6;4;0;0;
14077;28;2016-04-03;00:00:00;21;25;0;0;
14078;31;2016-04-23;00:00:00;3;8;0;0;
14079;28;2016-04-03;00:00:00;23;20;0;0;
14080;31;2016-04-23;00:00:00;2;5;0;0;
14081;28;2016-04-03;00:00:00;33;27;0;0;
14082;31;2016-04-23;00:00:00;16;10;0;0;
14083;28;2016-04-03;00:00:00;22;19;0;0;
14084;31;2016-04-23;00:00:00;14;7;0;0;
14085;28;2016-04-03;00:00:00;24;30;0;0;
14086;31;2016-04-23;00:00:00;9;11;0;0;
14087;28;2016-04-03;00:00:00;32;28;0;0;
14088;31;2016-04-23;00:00:00;12;18;0;0;
14089;28;2016-04-03;00:00:00;29;31;0;0;
14090;31;2016-04-23;00:00:00;15;1;0;0;
14091;28;2016-04-03;00:00:00;36;26;0;0;
14092;31;2016-04-23;00:00:00;17;13;0;0;
14093;25;2016-02-13;00:00:00;42;51;0;0;
14094;25;2016-02-13;00:00:00;50;47;0;0;
14095;25;2016-02-13;00:00:00;39;44;0;0;
14096;25;2016-02-13;00:00:00;40;55;0;0;
14097;25;2016-02-13;00:00:00;41;38;0;0;
14098;25;2016-02-13;00:00:00;56;53;0;0;
14099;25;2016-02-13;00:00:00;54;49;0;0;
14100;25;2016-02-13;00:00:00;52;46;0;0;
14101;25;2016-02-13;00:00:00;37;43;0;0;
14102;25;2016-02-13;00:00:00;45;48;0;0;
14103;32;2016-04-29;00:00:00;1;3;0;0;
14104;32;2016-04-29;00:00:00;7;2;0;0;
14105;29;2016-04-10;00:00:00;19;24;0;0;
14106;32;2016-04-29;00:00:00;4;15;0;0;
14107;29;2016-04-10;00:00:00;27;30;0;0;
14108;32;2016-04-29;00:00:00;5;12;0;0;
14109;29;2016-04-10;00:00:00;21;34;0;0;
14110;32;2016-04-29;00:00:00;10;14;0;0;
14111;29;2016-04-10;00:00:00;28;36;0;0;
14112;32;2016-04-29;00:00:00;13;6;0;0;
14113;29;2016-04-10;00:00:00;31;23;0;0;
14114;32;2016-04-29;00:00:00;8;17;0;0;
14115;29;2016-04-10;00:00:00;20;32;0;0;
14116;32;2016-04-29;00:00:00;11;16;0;0;
14117;29;2016-04-10;00:00:00;35;22;0;0;
14118;32;2016-04-29;00:00:00;18;9;0;0;
14119;29;2016-04-10;00:00:00;26;33;0;0;
14120;29;2016-04-10;00:00:00;25;29;0;0;
14121;26;2016-02-20;00:00:00;52;54;0;0;
14122;26;2016-02-20;00:00:00;47;39;0;0;
14123;26;2016-02-20;00:00:00;51;50;0;0;
14124;26;2016-02-20;00:00:00;48;42;0;0;
14125;26;2016-02-20;00:00:00;43;45;0;0;
14126;26;2016-02-20;00:00:00;46;37;0;0;
14127;26;2016-02-20;00:00:00;53;49;0;0;
14128;26;2016-02-20;00:00:00;38;56;0;0;
14129;26;2016-02-20;00:00:00;55;41;0;0;
14130;26;2016-02-20;00:00:00;44;40;0;0;
14131;33;2016-05-07;00:00:00;6;5;0;0;
14132;33;2016-05-07;00:00:00;3;4;0;0;
14133;33;2016-05-07;00:00:00;16;2;0;0;
14134;33;2016-05-07;00:00:00;14;11;0;0;
14135;33;2016-05-07;00:00:00;9;7;0;0;
14136;33;2016-05-07;00:00:00;12;10;0;0;
14137;33;2016-05-07;00:00:00;13;8;0;0;
14138;30;2016-04-17;00:00:00;34;28;0;0;
14139;33;2016-05-07;00:00:00;15;18;0;0;
14140;30;2016-04-17;00:00:00;23;25;0;0;
14141;33;2016-05-07;00:00:00;17;1;0;0;
14142;27;2016-02-27;00:00:00;39;51;0;0;
14143;30;2016-04-17;00:00:00;33;19;0;0;
14144;27;2016-02-27;00:00:00;40;47;0;0;
14145;30;2016-04-17;00:00:00;30;26;0;0;
14146;27;2016-02-27;00:00:00;41;44;0;0;
14147;30;2016-04-17;00:00:00;22;31;0;0;
14148;27;2016-02-27;00:00:00;56;55;0;0;
14149;30;2016-04-17;00:00:00;24;20;0;0;
14150;27;2016-02-27;00:00:00;49;38;0;0;
14151;30;2016-04-17;00:00:00;32;27;0;0;
14152;30;2016-04-17;00:00:00;29;21;0;0;
14153;27;2016-02-27;00:00:00;54;53;0;0;
14154;30;2016-04-17;00:00:00;36;35;0;0;
14155;27;2016-02-27;00:00:00;37;52;0;0;
14156;27;2016-02-27;00:00:00;45;46;0;0;
14157;27;2016-02-27;00:00:00;42;43;0;0;
14158;27;2016-02-27;00:00:00;50;48;0;0;
14159;34;2016-05-14;00:00:00;1;13;0;0;
14160;34;2016-05-14;00:00:00;7;12;0;0;
14161;34;2016-05-14;00:00:00;4;17;0;0;
14162;34;2016-05-14;00:00:00;2;14;0;0;
14163;34;2016-05-14;00:00:00;5;16;0;0;
14164;34;2016-05-14;00:00:00;10;9;0;0;
14165;34;2016-05-14;00:00:00;8;6;0;0;
14166;34;2016-05-14;00:00:00;11;15;0;0;
14167;34;2016-05-14;00:00:00;18;3;0;0;
14168;31;2016-04-24;00:00:00;19;36;0;0;
14169;28;2016-03-02;00:00:00;37;54;0;0;
14170;31;2016-04-24;00:00:00;21;23;0;0;
14171;28;2016-03-02;00:00:00;48;39;0;0;
14172;31;2016-04-24;00:00:00;28;30;0;0;
14173;28;2016-03-02;00:00:00;43;50;0;0;
14174;31;2016-04-24;00:00:00;31;24;0;0;
14175;28;2016-03-02;00:00:00;46;42;0;0;
14176;31;2016-04-24;00:00:00;20;34;0;0;
14177;28;2016-03-02;00:00:00;52;45;0;0;
14178;31;2016-04-24;00:00:00;35;33;0;0;
14179;28;2016-03-02;00:00:00;38;53;0;0;
14180;31;2016-04-24;00:00:00;26;27;0;0;
14181;28;2016-03-02;00:00:00;55;49;0;0;
14182;31;2016-04-24;00:00:00;25;32;0;0;
14183;28;2016-03-02;00:00:00;44;56;0;0;
14184;31;2016-04-24;00:00:00;29;22;0;0;
14185;28;2016-03-02;00:00:00;47;41;0;0;
14186;28;2016-03-02;00:00:00;51;40;0;0;
14187;32;2016-05-01;00:00:00;27;19;0;0;
14188;32;2016-05-01;00:00:00;34;25;0;0;
14189;29;2016-03-05;00:00:00;41;51;0;0;
14190;32;2016-05-01;00:00:00;23;29;0;0;
14191;29;2016-03-05;00:00:00;56;47;0;0;
14192;32;2016-05-01;00:00:00;33;28;0;0;
14193;29;2016-03-05;00:00:00;49;44;0;0;
14194;32;2016-05-01;00:00:00;30;20;0;0;
14195;29;2016-03-05;00:00:00;53;55;0;0;
14196;32;2016-05-01;00:00:00;22;26;0;0;
14197;29;2016-03-05;00:00:00;54;38;0;0;
14198;32;2016-05-01;00:00:00;24;35;0;0;
14199;29;2016-03-05;00:00:00;45;37;0;0;
14200;32;2016-05-01;00:00:00;32;21;0;0;
14201;29;2016-03-05;00:00:00;42;52;0;0;
14202;32;2016-05-01;00:00:00;36;31;0;0;
14203;29;2016-03-05;00:00:00;50;46;0;0;
14204;29;2016-03-05;00:00:00;39;43;0;0;
14205;29;2016-03-05;00:00:00;40;48;0;0;
14206;33;2016-05-08;00:00:00;19;26;0;0;
14207;33;2016-05-08;00:00:00;21;22;0;0;
14208;33;2016-05-08;00:00:00;23;34;0;0;
14209;33;2016-05-08;00:00:00;28;24;0;0;
14210;33;2016-05-08;00:00:00;31;32;0;0;
14211;33;2016-05-08;00:00:00;20;33;0;0;
14212;33;2016-05-08;00:00:00;35;27;0;0;
14213;33;2016-05-08;00:00:00;25;36;0;0;
14214;33;2016-05-08;00:00:00;29;30;0;0;
14215;30;2016-03-12;00:00:00;45;54;0;0;
14216;30;2016-03-12;00:00:00;46;39;0;0;
14217;30;2016-03-12;00:00:00;52;50;0;0;
14218;30;2016-03-12;00:00:00;37;42;0;0;
14219;30;2016-03-12;00:00:00;55;38;0;0;
14220;30;2016-03-12;00:00:00;44;53;0;0;
14221;30;2016-03-12;00:00:00;47;49;0;0;
14222;30;2016-03-12;00:00:00;51;56;0;0;
14223;30;2016-03-12;00:00:00;48;41;0;0;
14224;30;2016-03-12;00:00:00;43;40;0;0;
14225;34;2016-05-15;00:00:00;27;28;0;0;
14226;34;2016-05-15;00:00:00;34;29;0;0;
14227;34;2016-05-15;00:00:00;33;31;0;0;
14228;34;2016-05-15;00:00:00;30;19;0;0;
14229;34;2016-05-15;00:00:00;22;25;0;0;
14230;34;2016-05-15;00:00:00;24;21;0;0;
14231;34;2016-05-15;00:00:00;26;20;0;0;
14232;34;2016-05-15;00:00:00;32;35;0;0;
14233;34;2016-05-15;00:00:00;36;23;0;0;
14234;31;2016-03-19;00:00:00;49;51;0;0;
14235;31;2016-03-19;00:00:00;53;47;0;0;
14236;31;2016-03-19;00:00:00;38;44;0;0;
14237;31;2016-03-19;00:00:00;54;55;0;0;
14238;31;2016-03-19;00:00:00;42;45;0;0;
14239;31;2016-03-19;00:00:00;50;37;0;0;
14240;31;2016-03-19;00:00:00;39;52;0;0;
14241;31;2016-03-19;00:00:00;40;46;0;0;
14242;31;2016-03-19;00:00:00;41;43;0;0;
14243;31;2016-03-19;00:00:00;56;48;0;0;
14244;32;2016-04-02;00:00:00;42;54;0;0;
14245;32;2016-04-02;00:00:00;37;39;0;0;
14246;32;2016-04-02;00:00:00;45;50;0;0;
14247;32;2016-04-02;00:00:00;44;55;0;0;
14248;32;2016-04-02;00:00:00;47;38;0;0;
14249;32;2016-04-02;00:00:00;51;53;0;0;
14250;32;2016-04-02;00:00:00;48;49;0;0;
14251;32;2016-04-02;00:00:00;43;56;0;0;
14252;32;2016-04-02;00:00:00;46;41;0;0;
14253;32;2016-04-02;00:00:00;52;40;0;0;
14254;33;2016-04-09;00:00:00;38;51;0;0;
14255;33;2016-04-09;00:00:00;55;47;0;0;
14256;33;2016-04-09;00:00:00;54;44;0;0;
14257;33;2016-04-09;00:00:00;50;42;0;0;
14258;33;2016-04-09;00:00:00;39;45;0;0;
14259;33;2016-04-09;00:00:00;40;37;0;0;
14260;33;2016-04-09;00:00:00;41;52;0;0;
14261;33;2016-04-09;00:00:00;56;46;0;0;
14262;33;2016-04-09;00:00:00;49;43;0;0;
14263;33;2016-04-09;00:00:00;53;48;0;0;
14264;34;2016-04-16;00:00:00;50;54;0;0;
14265;34;2016-04-16;00:00:00;42;39;0;0;
14266;34;2016-04-16;00:00:00;47;44;0;0;
14267;34;2016-04-16;00:00:00;51;55;0;0;
14268;34;2016-04-16;00:00:00;48;38;0;0;
14269;34;2016-04-16;00:00:00;43;53;0;0;
14270;34;2016-04-16;00:00:00;46;49;0;0;
14271;34;2016-04-16;00:00:00;52;56;0;0;
14272;34;2016-04-16;00:00:00;37;41;0;0;
14273;34;2016-04-16;00:00:00;45;40;0;0;
14274;35;2016-04-23;00:00:00;55;48;0;0;
14275;35;2016-04-23;00:00:00;49;52;0;0;
14276;35;2016-04-23;00:00:00;53;46;0;0;
14277;35;2016-04-23;00:00:00;38;43;0;0;
14278;35;2016-04-23;00:00:00;44;51;0;0;
14279;35;2016-04-23;00:00:00;54;47;0;0;
14280;35;2016-04-23;00:00:00;39;50;0;0;
14281;35;2016-04-23;00:00:00;40;42;0;0;
14282;35;2016-04-23;00:00:00;41;45;0;0;
14283;35;2016-04-23;00:00:00;56;37;0;0;
14284;36;2016-04-30;00:00:00;50;40;0;0;
14285;36;2016-04-30;00:00:00;42;41;0;0;
14286;36;2016-04-30;00:00:00;45;56;0;0;
14287;36;2016-04-30;00:00:00;39;54;0;0;
14288;36;2016-04-30;00:00:00;51;47;0;0;
14289;36;2016-04-30;00:00:00;48;44;0;0;
14290;36;2016-04-30;00:00:00;43;55;0;0;
14291;36;2016-04-30;00:00:00;46;38;0;0;
14292;36;2016-04-30;00:00:00;52;53;0;0;
14293;36;2016-04-30;00:00:00;37;49;0;0;
14294;37;2016-05-07;13:30:00;44;43;0;0;
14295;37;2016-05-07;13:30:00;47;48;0;0;
14296;37;2016-05-07;13:30:00;38;52;0;0;
14297;37;2016-05-07;13:30:00;55;46;0;0;
14298;37;2016-05-07;13:30:00;56;42;0;0;
14299;37;2016-05-07;13:30:00;49;45;0;0;
14300;37;2016-05-07;13:30:00;53;37;0;0;
14301;37;2016-05-07;13:30:00;41;50;0;0;
14302;37;2016-05-07;13:30:00;40;39;0;0;
14303;37;2016-05-07;13:30:00;51;54;0;0;
14304;38;2016-05-14;13:30:00;37;38;0;0;
14305;38;2016-05-14;13:30:00;52;55;0;0;
14306;38;2016-05-14;13:30:00;45;53;0;0;
14307;38;2016-05-14;13:30:00;42;49;0;0;
14308;38;2016-05-14;13:30:00;50;56;0;0;
14309;38;2016-05-14;13:30:00;39;41;0;0;
14310;38;2016-05-14;13:30:00;54;40;0;0;
14311;38;2016-05-14;13:30:00;46;44;0;0;
14312;38;2016-05-14;13:30:00;43;47;0;0;
14313;38;2016-05-14;13:30:00;48;51;0;0;
14482;4;2015-09-11;20:30:00;3;16;0;3;
14483;4;2015-09-12;15:30:00;1;5;2;1;
14484;4;2015-09-12;15:30:00;4;18;0;1;
14485;4;2015-09-12;15:30:00;13;7;2;4;
14486;4;2015-09-12;15:30:00;15;14;2;1;
14487;4;2015-09-12;15:30:00;17;2;0;0;
14488;4;2015-09-12;18:30:00;9;12;6;2;
14489;4;2015-09-13;15:30:00;8;10;1;3;
14490;4;2015-09-13;17:30:00;6;11;2;1;
14491;6;2015-09-11;18:30:00;21;19;0;2;
14492;6;2015-09-11;18:30:00;23;27;2;0;
14493;6;2015-09-11;18:30:00;25;20;1;1;
14494;6;2015-09-12;13:00:00;34;30;0;3;
14495;6;2015-09-12;13:00:00;29;26;0;0;
14496;6;2015-09-13;13:30:00;31;35;3;0;
14497;6;2015-09-13;13:30:00;22;28;3;2;
14498;6;2015-09-13;13:30:00;32;33;0;3;
14499;6;2015-09-15;20:15:00;24;36;2;0;
14500;8;2015-09-11;19:00:00;52;37;1;1;
14501;8;2015-09-11;19:00:00;43;42;1;0;
14502;8;2015-09-12;14:00:00;51;39;1;5;
14503;8;2015-09-12;14:00:00;47;40;0;1;
14504;8;2015-09-12;14:00:00;44;41;0;4;
14505;8;2015-09-12;14:00:00;55;56;3;0;
14506;8;2015-09-12;14:00:00;38;49;1;0;
14507;8;2015-09-12;14:00:00;53;54;0;1;
14508;8;2015-09-12;14:00:00;48;50;4;0;
14509;8;2015-09-13;14:00:00;46;45;0;0;
14612;9;2015-09-19;19:00:00;42;46;1;2;
14613;9;2015-09-19;20:30:00;54;37;1;0;
14614;9;2015-09-20;14:00:00;39;48;2;1;
14615;9;2015-09-20;14:00:00;50;43;3;3;
14616;9;2015-09-20;14:00:00;45;52;0;0;
14617;9;2015-09-20;14:00:00;53;38;3;0;
14618;9;2015-09-20;14:00:00;49;55;0;1;
14619;9;2015-09-20;14:00:00;56;44;1;1;
14620;9;2015-09-20;14:00:00;41;47;4;2;
14621;9;2015-09-20;14:00:00;40;51;3;1;
14622;5;2015-09-18;20:30:00;11;8;3;1;
14623;5;2015-09-20;15:30:00;2;15;2;0;
14624;5;2015-09-20;15:30:00;16;9;0;0;
14625;5;2015-09-20;15:30:00;10;17;0;1;
14626;5;2015-09-20;15:30:00;12;3;1;0;
14627;5;2015-09-20;15:30:00;18;1;0;3;
14628;5;2015-09-21;15:30:00;14;6;0;1;
14629;5;2015-09-21;17:30:00;7;4;3;0;
14630;5;2015-09-21;17:30:00;5;13;2;0;
14631;7;2015-09-18;18:30:00;19;29;2;2;
14632;7;2015-09-18;18:30:00;20;31;1;1;
14633;7;2015-09-18;18:30:00;26;23;1;1;
14634;7;2015-09-20;13:00:00;27;34;2;0;
14635;7;2015-09-20;13:00:00;28;25;2;0;
14636;7;2015-09-20;13:00:00;35;21;1;1;
14637;7;2015-09-21;13:30:00;33;24;0;0;
14638;7;2015-09-21;13:30:00;30;22;1;2;
14639;7;2015-09-21;13:30:00;36;32;0;1;
14706;6;2015-09-23;20:00:00;1;2;5;1;
14707;6;2015-09-23;20:00:00;15;12;2;0;
14708;6;2015-09-23;20:00:00;17;16;0;1;
14709;6;2015-09-23;20:00:00;18;10;2;1;
14710;6;2015-09-24;20:00:00;6;9;2;0;
14711;6;2015-09-24;20:00:00;4;11;1;0;
14712;6;2015-09-24;20:00:00;3;5;4;2;
14713;6;2015-09-24;20:00:00;13;14;1;3;
14714;6;2015-09-24;20:00:00;8;7;1;1;
14715;8;2015-09-23;17:30:00;34;31;1;1;
14716;8;2015-09-23;17:30:00;21;28;0;3;
14717;8;2015-09-23;17:30:00;25;35;1;1;
14718;8;2015-09-23;17:30:00;29;20;1;1;
14719;8;2015-09-24;17:30:00;22;27;3;0;
14720;8;2015-09-24;17:30:00;24;26;1;0;
14721;8;2015-09-24;17:30:00;32;30;3;2;
14722;8;2015-09-24;17:30:00;36;33;0;5;
14723;8;2015-09-25;20:15:00;23;19;0;0;
14724;10;2015-09-23;18:30:00;38;54;1;1;
14725;10;2015-09-23;19:00:00;47;56;2;1;
14726;10;2015-09-23;19:00:00;44;49;0;0;
14727;10;2015-09-23;19:00:00;55;53;2;1;
14728;10;2015-09-23;19:00:00;46;50;3;1;
14729;10;2015-09-24;18:00:00;48;40;2;2;
14730;10;2015-09-24;19:00:00;51;41;2;2;
14731;10;2015-09-24;19:00:00;37;45;1;2;
14732;10;2015-09-24;19:00:00;43;39;1;2;
14733;10;2015-09-24;20:30:00;52;42;1;1;
14930;7;2015-09-25;20:30:00;12;17;1;1;
14931;7;2015-10-01;15:30:00;2;13;1;1;
14932;7;2015-10-01;15:30:00;14;3;1;3;
14933;7;2015-10-01;15:30:00;5;8;1;3;
14934;7;2015-10-01;15:30:00;10;4;0;3;
14935;7;2015-10-01;15:30:00;11;1;0;3;
14936;7;2015-10-01;18:30:00;16;6;0;1;
14937;7;2015-10-02;15:30:00;9;15;1;1;
14938;7;2015-10-02;17:30:00;7;18;2;2;
14939;9;2015-09-25;18:30:00;28;29;2;2;
14940;9;2015-09-25;18:30:00;31;25;0;1;
14941;9;2015-09-25;18:30:00;20;21;1;2;
14942;9;2015-09-26;13:00:00;27;24;0;0;
14943;9;2015-09-26;13:00:00;30;36;3;2;
14944;9;2015-09-27;13:30:00;19;32;2;0;
14945;9;2015-09-27;13:30:00;35;23;2;2;
14946;9;2015-09-27;13:30:00;26;34;1;1;
14947;9;2015-10-01;20:15:00;33;22;0;1;
15088;11;2015-09-25;19:00:00;38;55;2;0;
15089;11;2015-09-25;19:00:00;49;47;1;1;
15090;11;2015-09-26;14:00:00;54;45;0;0;
15091;11;2015-09-26;14:00:00;50;52;0;0;
15092;11;2015-09-26;14:00:00;42;37;2;2;
15093;11;2015-09-26;14:00:00;53;44;2;1;
15094;11;2015-09-26;14:00:00;41;48;3;3;
15095;11;2015-09-26;14:00:00;40;43;4;2;
15096;11;2015-09-27;14:00:00;39;46;4;0;
15097;11;2015-09-27;14:00:00;56;51;3;0;
15210;8;2015-10-02;20:30:00;18;11;2;3;
15211;8;2015-10-03;15:30:00;3;2;2;0;
15212;8;2015-10-03;15:30:00;13;10;1;0;
15213;8;2015-10-03;15:30:00;15;16;3;0;
15214;8;2015-10-03;15:30:00;8;14;2;2;
15215;8;2015-10-03;15:30:00;17;9;2;0;
15216;8;2015-10-04;15:30:00;6;12;0;3;
15217;8;2015-10-04;17:30:00;1;7;5;1;
15218;8;2015-10-04;17:30:00;4;5;1;1;
15219;10;2015-10-02;18:30:00;21;31;3;0;
15220;10;2015-10-02;18:30:00;32;26;0;4;
15221;10;2015-10-02;18:30:00;29;35;1;1;
15222;10;2015-10-03;13:00:00;22;20;0;5;
15223;10;2015-10-03;13:00:00;24;25;1;3;
15224;10;2015-10-04;13:30:00;34;19;1;1;
15225;10;2015-10-04;13:30:00;23;28;3;2;
15226;10;2015-10-04;13:30:00;33;30;2;1;
15227;10;2015-10-05;20:15:00;36;27;1;0;
15228;12;2015-10-01;19:30:00;47;53;1;1;
15229;12;2015-10-02;19:00:00;45;42;0;0;
15230;12;2015-10-03;14:00:00;51;49;0;3;
15231;12;2015-10-03;14:00:00;44;38;2;1;
15232;12;2015-10-03;14:00:00;55;54;1;0;
15233;12;2015-10-03;14:00:00;52;39;1;3;
15234;12;2015-10-03;14:00:00;46;40;0;0;
15235;12;2015-10-03;14:00:00;43;41;0;4;
15236;12;2015-10-03;14:00:00;48;56;1;1;
15237;12;2015-10-04;14:00:00;37;50;2;2;
15462;9;2015-10-16;20:30:00;11;7;0;2;
15463;9;2015-10-17;15:30:00;6;15;2;1;
15464;9;2015-10-17;15:30:00;2;8;4;2;
15465;9;2015-10-17;15:30:00;16;4;0;0;
15466;9;2015-10-17;15:30:00;5;18;0;2;
15467;9;2015-10-17;15:30:00;10;1;0;1;
15468;9;2015-10-17;18:30:00;9;3;1;5;
15469;9;2015-10-18;15:30:00;12;13;0;1;
15470;9;2015-10-18;17:30:00;14;17;1;0;
15471;11;2015-10-16;18:30:00;27;33;2;0;
15472;11;2015-10-16;18:30:00;31;29;1;0;
15473;11;2015-10-16;18:30:00;25;21;1;0;
15474;11;2015-10-17;13:00:00;28;32;1;1;
15475;11;2015-10-17;13:00:00;30;24;3;3;
15476;11;2015-10-18;13:30:00;19;22;5;2;
15477;11;2015-10-18;13:30:00;20;23;0;1;
15478;11;2015-10-18;13:30:00;26;36;1;0;
15479;11;2015-10-19;20:15:00;35;34;0;1;
15480;13;2015-10-16;19:15:00;40;52;1;1;
15481;13;2015-10-17;14:00:00;39;37;0;1;
15482;13;2015-10-17;14:00:00;50;45;3;1;
15483;13;2015-10-17;14:00:00;55;44;6;2;
15484;13;2015-10-17;14:00:00;38;47;0;0;
15485;13;2015-10-17;14:00:00;53;51;0;2;
15486;13;2015-10-17;14:00:00;49;48;0;1;
15487;13;2015-10-17;14:00:00;41;46;2;0;
15488;13;2015-10-18;14:00:00;54;42;0;0;
15489;13;2015-10-18;15:30:00;56;43;2;1;
15658;10;2015-10-23;20:30:00;8;16;0;1;
15659;10;2015-10-24;15:30:00;1;12;4;0;
15660;10;2015-10-24;15:30:00;4;14;4;3;
15661;10;2015-10-24;15:30:00;13;9;1;2;
15662;10;2015-10-24;15:30:00;11;10;1;3;
15663;10;2015-10-24;15:30:00;18;2;0;1;
15664;10;2015-10-24;18:30:00;17;15;0;1;
15665;10;2015-10-25;15:30:00;7;5;5;1;
15666;10;2015-10-25;17:30:00;3;6;3;1;
15667;12;2015-10-23;18:30:00;23;31;2;1;
15668;12;2015-10-23;18:30:00;22;35;1;0;
15669;12;2015-10-23;18:30:00;32;20;3;2;
15670;12;2015-10-24;13:00:00;34;21;2;0;
15671;12;2015-10-24;13:00:00;30;27;0;2;
15672;12;2015-10-24;13:00:00;36;28;0;0;
15673;12;2015-10-25;13:30:00;33;26;1;0;
15674;12;2015-10-25;13:30:00;24;19;1;0;
15675;12;2015-10-25;13:30:00;29;25;0;0;
15676;14;2015-10-23;19:00:00;44;54;4;0;
15677;14;2015-10-24;14:00:00;51;38;3;1;
15678;14;2015-10-24;14:00:00;42;50;1;0;
15679;14;2015-10-24;14:00:00;45;39;1;2;
15680;14;2015-10-24;14:00:00;37;40;0;0;
15681;14;2015-10-24;14:00:00;52;41;1;3;
15682;14;2015-10-24;14:00:00;46;56;1;0;
15683;14;2015-10-24;14:00:00;43;49;1;2;
15684;14;2015-10-24;14:00:00;48;53;1;0;
15685;14;2015-10-25;15:00:00;47;55;3;1;
15854;11;2015-10-30;20:30:00;9;1;0;0;
15855;11;2015-10-31;15:30:00;6;17;1;1;
15856;11;2015-10-31;15:30:00;5;11;3;3;
15857;11;2015-10-31;15:30:00;10;7;1;3;
15858;11;2015-10-31;15:30:00;12;8;0;0;
15859;11;2015-10-31;15:30:00;15;3;1;4;
15860;11;2015-10-31;18:30:00;2;4;2;1;
15861;11;2015-11-01;15:30:00;14;18;2;0;
15862;11;2015-11-01;17:30:00;16;13;1;2;
15863;13;2015-10-30;18:30:00;21;29;0;2;
15864;13;2015-10-30;18:30:00;31;22;1;0;
15865;13;2015-10-30;18:30:00;20;24;1;1;
15866;13;2015-10-31;13:00:00;27;32;1;1;
15867;13;2015-10-31;13:00:00;26;30;0;2;
15868;13;2015-11-01;13:30:00;19;33;2;2;
15869;13;2015-11-01;13:30:00;35;36;1;0;
15870;13;2015-11-01;13:30:00;25;23;1;2;
15871;13;2015-11-02;20:15:00;28;34;0;0;
15872;15;2015-10-30;19:00:00;54;50;1;1;
15873;15;2015-10-30;19:00:00;56;52;3;1;
15874;15;2015-10-31;14:00:00;39;42;3;2;
15875;15;2015-10-31;14:00:00;55;51;1;1;
15876;15;2015-10-31;14:00:00;38;48;0;0;
15877;15;2015-10-31;14:00:00;53;43;1;0;
15878;15;2015-10-31;14:00:00;49;46;2;2;
15879;15;2015-10-31;14:00:00;41;37;1;1;
15880;15;2015-10-31;14:00:00;40;45;2;0;
15881;15;2015-11-01;14:00:00;44;47;3;2;
16180;16;2015-11-06;19:00:00;50;39;2;2;
16181;16;2015-11-06;19:00:00;48;55;2;0;
16182;16;2015-11-07;14:00:00;51;44;2;1;
16183;16;2015-11-07;14:00:00;47;54;1;2;
16184;16;2015-11-07;14:00:00;42;40;3;0;
16185;16;2015-11-07;14:00:00;45;41;3;1;
16186;16;2015-11-07;14:00:00;37;56;2;2;
16187;16;2015-11-07;14:00:00;52;49;0;0;
16188;16;2015-11-07;14:00:00;46;53;2;2;
16189;16;2015-11-07;14:00:00;43;38;1;4;
16190;12;2015-11-06;20:30:00;13;15;1;3;
16191;12;2015-11-07;15:30:00;1;14;4;0;
16192;12;2015-11-07;15:30:00;4;12;1;2;
16193;12;2015-11-07;15:30:00;3;17;0;0;
16194;12;2015-11-07;15:30:00;8;9;0;0;
16195;12;2015-11-07;15:30:00;11;2;2;0;
16196;12;2015-11-07;18:30:00;18;16;1;1;
16197;12;2015-11-08;15:30:00;7;6;3;2;
16198;12;2015-11-08;17:30:00;5;10;1;2;
16199;14;2015-11-06;18:30:00;34;20;3;0;
16200;14;2015-11-06;18:30:00;22;29;0;0;
16201;14;2015-11-06;18:30:00;32;25;0;1;
16202;14;2015-11-07;13:00:00;30;28;3;3;
16203;14;2015-11-07;13:00:00;36;19;1;1;
16204;14;2015-11-08;13:30:00;27;26;1;1;
16205;14;2015-11-08;13:30:00;23;21;0;2;
16206;14;2015-11-08;13:30:00;33;35;0;0;
16207;14;2015-11-09;20:15:00;24;31;4;0;
16442;13;2015-11-20;20:45:00;16;7;3;1;
16443;13;2015-11-21;15:30:00;3;13;2;1;
16444;13;2015-11-21;15:30:00;2;10;6;0;
16445;13;2015-11-21;15:30:00;9;4;1;3;
16446;13;2015-11-21;15:30:00;12;11;0;0;
16447;13;2015-11-21;15:45:00;14;5;0;4;
16448;13;2015-11-21;18:30:00;6;1;1;3;
16449;13;2015-11-22;15:30:00;15;8;1;0;
16450;13;2015-11-22;17:40:00;17;18;3;1;
16451;15;2015-11-20;18:30:00;31;36;1;1;
16452;15;2015-11-20;18:30:00;20;30;1;1;
16453;15;2015-11-20;18:30:00;25;34;3;1;
16454;15;2015-11-21;13:00:00;35;24;2;0;
16455;15;2015-11-21;13:00:00;29;23;0;1;
16456;15;2015-11-22;13:30:00;19;27;4;1;
16457;15;2015-11-22;13:30:00;21;32;1;1;
16458;15;2015-11-22;13:30:00;26;22;1;2;
16459;15;2015-11-23;20:15:00;28;33;2;1;
16488;17;2015-11-20;19:00:00;56;45;1;3;
16489;17;2015-11-21;14:00:00;54;39;1;1;
16490;17;2015-11-21;14:00:00;44;48;0;1;
16491;17;2015-11-21;14:00:00;55;43;1;1;
16492;17;2015-11-21;14:00:00;38;46;1;0;
16493;17;2015-11-21;14:00:00;53;52;3;2;
16494;17;2015-11-21;14:00:00;49;37;2;2;
16495;17;2015-11-21;14:00:00;41;42;1;0;
16496;17;2015-11-21;14:00:00;40;50;0;0;
16497;17;2015-11-22;14:00:00;47;51;3;1;
16638;14;2015-11-27;20:30:00;18;12;0;0;
16639;14;2015-11-28;15:30:00;1;15;2;0;
16640;14;2015-11-28;15:30:00;10;16;1;3;
16641;14;2015-11-28;15:30:00;13;17;4;0;
16642;14;2015-11-28;15:30:00;8;3;3;3;
16643;14;2015-11-28;15:45:00;11;9;2;1;
16644;14;2015-11-29;15:30:00;7;14;4;1;
16645;14;2015-11-29;17:30:00;4;6;1;1;
16646;14;2015-11-29;17:30:00;5;2;0;0;
16647;16;2015-11-27;18:30:00;22;21;2;4;
16648;16;2015-11-27;18:30:00;26;19;1;2;
16649;16;2015-11-27;18:40:00;33;20;1;0;
16650;16;2015-11-28;13:00:00;27;35;4;4;
16651;16;2015-11-28;13:00:00;30;29;1;1;
16652;16;2015-11-29;13:30:00;24;28;0;4;
16653;16;2015-11-29;13:30:00;32;31;1;2;
16654;16;2015-11-29;13:30:00;36;25;3;0;
16655;16;2015-11-30;20:15:00;34;23;0;1;
16656;18;2015-11-28;14:00:00;39;40;0;0;
16657;18;2015-11-28;14:00:00;50;41;2;2;
16658;18;2015-11-28;14:00:00;42;56;2;2;
16659;18;2015-11-28;14:00:00;45;49;1;2;
16660;18;2015-11-28;14:00:00;37;53;2;1;
16661;18;2015-11-28;14:00:00;52;38;1;0;
16662;18;2015-11-28;14:00:00;46;55;0;0;
16663;18;2015-11-28;14:00:00;43;44;0;2;
16664;18;2015-11-28;14:00:00;48;47;2;0;
16665;18;2015-11-29;14:00:00;54;51;2;0;
16834;15;2015-12-04;20:30:00;6;13;3;1;
16835;15;2015-12-05;15:30:00;3;1;3;1;
16836;15;2015-12-05;15:30:00;16;11;1;3;
16837;15;2015-12-05;15:30:00;12;5;0;1;
16838;15;2015-12-05;15:30:00;15;4;2;1;
16839;15;2015-12-05;15:30:00;17;8;1;1;
16840;15;2015-12-05;18:30:00;2;7;1;2;
16841;15;2015-12-06;15:30:00;14;10;1;1;
16842;15;2015-12-06;17:30:00;9;18;0;1;
16843;17;2015-12-04;18:30:00;28;27;2;1;
16844;17;2015-12-04;18:30:00;35;32;0;1;
16845;17;2015-12-04;18:30:00;25;22;1;1;
16846;17;2015-12-05;13:00:00;19;30;3;0;
16847;17;2015-12-05;13:00:00;29;34;2;1;
16848;17;2015-12-06;13:30:00;21;24;1;2;
16849;17;2015-12-06;13:30:00;23;36;4;2;
16850;17;2015-12-06;13:30:00;20;26;1;1;
16851;17;2015-12-07;20:15:00;31;33;1;0;
16852;19;2015-12-04;19:00:00;51;48;3;1;
16853;19;2015-12-04;19:00:00;41;39;0;0;
16854;19;2015-12-05;14:00:00;47;43;1;0;
16855;19;2015-12-05;14:00:00;44;46;1;1;
16856;19;2015-12-05;14:00:00;55;52;2;0;
16857;19;2015-12-05;14:00:00;38;37;0;1;
16858;19;2015-12-05;14:00:00;53;45;1;3;
16859;19;2015-12-05;14:00:00;49;42;1;1;
16860;19;2015-12-05;14:00:00;56;50;1;2;
16861;19;2015-12-05;14:00:00;40;54;0;1;
17020;20;2015-12-11;19:00:00;56;39;1;1;
17021;20;2015-12-12;14:00:00;48;54;0;0;
17022;20;2015-12-12;14:00:00;49;50;0;0;
17023;20;2015-12-12;14:00:00;38;45;0;0;
17024;20;2015-12-12;14:00:00;47;46;1;1;
17025;20;2015-12-12;14:00:00;51;43;3;1;
17026;20;2015-12-12;14:00:00;41;40;3;1;
17027;20;2015-12-13;14:00:00;55;37;1;1;
17028;20;2015-12-13;14:00:00;44;52;1;1;
17029;20;2015-12-14;18:30:00;53;42;0;2;
17030;16;2015-12-11;20:30:00;11;14;0;0;
17031;16;2015-12-12;15:30:00;1;17;2;0;
17032;16;2015-12-12;15:30:00;2;16;1;1;
17033;16;2015-12-12;15:30:00;10;12;1;1;
17034;16;2015-12-12;15:30:00;8;13;1;0;
17035;16;2015-12-12;15:30:00;18;15;0;4;
17036;16;2015-12-12;18:30:00;4;3;5;0;
17037;16;2015-12-13;15:30:00;5;6;2;1;
17038;16;2015-12-13;17:30:00;7;9;4;1;
17039;18;2015-12-11;18:30:00;20;27;4;0;
17040;18;2015-12-11;18:30:00;35;26;1;3;
17041;18;2015-12-11;18:30:00;25;33;0;2;
17042;18;2015-12-12;13:00:00;34;22;1;0;
17043;18;2015-12-12;13:00:00;31;30;0;3;
17044;18;2015-12-13;13:30:00;21;36;2;0;
17045;18;2015-12-13;13:30:00;23;32;3;1;
17046;18;2015-12-13;13:30:00;28;19;2;1;
17047;18;2015-12-14;20:15:00;29;24;0;0;
17422;17;2015-12-18;20:30:00;6;8;1;0;
17423;17;2015-12-19;15:30:00;16;5;0;1;
17424;17;2015-12-19;15:30:00;9;10;2;1;
17425;17;2015-12-19;15:30:00;12;7;2;1;
17426;17;2015-12-19;15:30:00;13;1;0;1;
17427;17;2015-12-19;15:30:00;17;4;0;1;
17428;17;2015-12-19;18:30:00;14;2;3;1;
17429;17;2015-12-20;15:30:00;15;11;2;0;
17430;17;2015-12-20;17:30:00;3;18;3;2;
17431;19;2015-12-18;18:30:00;30;25;1;0;
17432;19;2015-12-18;18:30:00;24;34;1;2;
17433;19;2015-12-18;18:30:00;32;29;1;2;
17434;19;2015-12-19;13:00:00;22;23;1;2;
17435;19;2015-12-19;13:00:00;26;28;0;3;
17436;19;2015-12-20;13:30:00;19;35;3;0;
17437;19;2015-12-20;13:30:00;33;21;1;1;
17438;19;2015-12-20;13:30:00;36;20;0;0;
17439;19;2015-12-21;20:00:00;27;31;0;0;
17440;21;2015-12-17;20:30:00;39;49;2;1;
17441;21;2015-12-18;19:00:00;45;55;0;4;
17442;21;2015-12-18;19:00:00;43;48;2;2;
17443;21;2015-12-18;20:00:00;50;53;3;0;
17444;21;2015-12-19;14:00:00;46;51;0;2;
17445;21;2015-12-19;14:00:00;52;47;1;0;
17446;21;2015-12-19;14:00:00;37;44;1;1;
17447;21;2015-12-19;14:00:00;42;38;3;1;
17448;21;2015-12-19;14:00:00;40;56;1;2;
17449;21;2015-12-19;14:00:00;54;41;2;0;